{
  "parent": "exact_scalar",
  "candidate": "runtime_covariance",
  "paired_mlp_count": 150,
  "convention": "candidate_minus_parent; negative favors candidate",
  "mean_paired_adjusted_score_delta": -7.095334057527414e-05,
  "bootstrap_95_ci": [
    -8.230076981675083e-05,
    -6.040432427420886e-05
  ],
  "median_adjusted_score_delta": -5.2023667301657073e-05,
  "candidate_win_fraction": 0.9733333333333334,
  "mean_raw_final_mse_delta": -0.0009482319312838059,
  "mean_compute_ratio_delta": 0.39174432521556846,
  "mean_wall_ms_delta": 13109.01508266727,
  "candidate_failures": 0,
  "parent_failures": 0
}
