{
  "parent": "runtime_covariance",
  "candidate": "gaussian_mc",
  "paired_mlp_count": 150,
  "convention": "candidate_minus_parent; negative favors candidate",
  "mean_paired_adjusted_score_delta": -2.7671158837311437e-05,
  "bootstrap_95_ci": [
    -3.184185198996567e-05,
    -2.382893054422291e-05
  ],
  "median_adjusted_score_delta": -1.973546933226858e-05,
  "candidate_win_fraction": 0.9933333333333333,
  "mean_raw_final_mse_delta": -3.801306284204966e-05,
  "mean_compute_ratio_delta": -0.36734753770666184,
  "mean_wall_ms_delta": -13132.063942666477,
  "candidate_failures": 0,
  "parent_failures": 0
}
