{
  "raw_path": "results\\raw\\t06_validation.csv",
  "estimators": {
    "exact_scalar": {
      "mlp_count": 150,
      "failure_count": 0,
      "fallback_count": 0,
      "raw_final_mse_mean": 0.0010271826578196908,
      "raw_final_mse_median": 0.0007831917279578093,
      "adjusted_score_mean": 0.0001027182657819691,
      "all_layer_mse_mean": 0.0008354574046394814,
      "p90_final_mse": 0.001994825201837497,
      "p95_final_mse": 0.002784852785558746,
      "mean_compute_ratio": 0.01280284001876663,
      "max_compute_ratio": 0.04308220078512486,
      "mean_wall_ms": 301.7441060114652,
      "p95_wall_ms": 587.7576652448623,
      "max_wall_ms": 4642.795599997044,
      "mean_analytical_flops": 12427710.0,
      "per_layer_mse_mean": [
        6.757448842245404e-10,
        0.00016229103684680825,
        0.00029130241052798347,
        0.000422232047402994,
        0.0005263815613166267,
        0.0006162020271896286,
        0.0006920891999233846,
        0.0007575858699703577,
        0.0008113859365732586,
        0.0008459653681899269,
        0.0008719397672622148,
        0.0008927373083040629,
        0.0009310869694386366,
        0.000972144754781424,
        0.000988139247924838,
        0.0009923511190351399,
        0.0009986663668873547,
        0.0009970048113509104,
        0.0009908654594133405,
        0.000987595600507582,
        0.000985490789108642,
        0.0009712798614917295,
        0.000983468789363781,
        0.000980927606774383,
        0.0009877584444166765,
        0.00099312233995629,
        0.0009925006096879925,
        0.001016385936937369,
        0.001013544034422841,
        0.0010156869585200724,
        0.001019321381372576,
        0.0010271826578196906
      ]
    },
    "gaussian_mc": {
      "mlp_count": 150,
      "failure_count": 0,
      "fallback_count": 0,
      "raw_final_mse_mean": 4.093766369383517e-05,
      "raw_final_mse_median": 1.7944142747375155e-05,
      "adjusted_score_mean": 4.093766369383517e-06,
      "all_layer_mse_mean": 9.880524817228275e-05,
      "p90_final_mse": 9.338711354793725e-05,
      "p95_final_mse": 0.0001782790741335086,
      "mean_compute_ratio": 0.03719962752767328,
      "max_compute_ratio": 0.059637640158415904,
      "mean_wall_ms": 278.6952460122605,
      "p95_wall_ms": 447.66084027942196,
      "max_wall_ms": 846.3905998505652,
      "mean_analytical_flops": 6461358078.0,
      "per_layer_mse_mean": [
        0.0004412054483765652,
        0.00033205719198758894,
        0.00025790004394540844,
        0.00020817294864202503,
        0.00017571424989017045,
        0.00014766199949462288,
        0.00012652696860084698,
        0.00011259263356712614,
        0.00010035499399976846,
        9.12679623625196e-05,
        8.256512714518176e-05,
        7.649469962085183e-05,
        7.346931232064019e-05,
        6.930409607197897e-05,
        6.363739355154792e-05,
        6.028785354170801e-05,
        5.8368220414300006e-05,
        5.488461691333922e-05,
        5.192659132212268e-05,
        5.0292891247227866e-05,
        4.874090559548526e-05,
        4.7798385489673384e-05,
        4.607631696075075e-05,
        4.426097644898383e-05,
        4.413430451658593e-05,
        4.232465438990664e-05,
        4.257771402719479e-05,
        4.2922316444252854e-05,
        4.30641884338187e-05,
        4.2725990863960165e-05,
        4.151928163305997e-05,
        4.093766369383517e-05
      ]
    },
    "official_scalar": {
      "mlp_count": 150,
      "failure_count": 150,
      "fallback_count": 0,
      "raw_final_mse_mean": null,
      "adjusted_score_mean": null,
      "all_layer_mse_mean": null,
      "per_layer_mse_mean": []
    },
    "runtime_covariance": {
      "mlp_count": 150,
      "failure_count": 0,
      "fallback_count": 0,
      "raw_final_mse_mean": 7.895072653588482e-05,
      "raw_final_mse_median": 5.941259783360553e-05,
      "adjusted_score_mean": 3.176492520669495e-05,
      "all_layer_mse_mean": 5.2390366434730444e-05,
      "p90_final_mse": 0.00013471041042104642,
      "p95_final_mse": 0.0001786425251386828,
      "mean_compute_ratio": 0.40454716523433504,
      "max_compute_ratio": 1.1247305404014567,
      "mean_wall_ms": 13410.759188678736,
      "p95_wall_ms": 17426.45160492975,
      "max_wall_ms": 483309.5800001174,
      "mean_analytical_flops": 3744307042.0,
      "per_layer_mse_mean": [
        6.757448842245404e-10,
        2.486342165945471e-06,
        7.568677888386177e-06,
        1.3069222187948697e-05,
        1.8734648087155557e-05,
        2.4140235762690267e-05,
        2.8915109605082602e-05,
        3.364874766279915e-05,
        3.815013920312727e-05,
        4.25607225028236e-05,
        4.639727678387232e-05,
        4.981592671221663e-05,
        5.284843328630671e-05,
        5.636766826158598e-05,
        5.911378097935373e-05,
        6.168498005344386e-05,
        6.431374938282529e-05,
        6.555563435380553e-05,
        6.654000057865386e-05,
        6.741090806922465e-05,
        6.785320950432225e-05,
        6.826274843525845e-05,
        6.946315241632535e-05,
        7.002295447383585e-05,
        7.107940107402309e-05,
        7.198833271007057e-05,
        7.356766074418544e-05,
        7.468848214747303e-05,
        7.545178440966112e-05,
        7.786767339742039e-05,
        7.797272079078252e-05,
        7.895072653588485e-05
      ]
    },
    "zero": {
      "mlp_count": 150,
      "failure_count": 0,
      "fallback_count": 0,
      "raw_final_mse_mean": 1.0567196344706224,
      "raw_final_mse_median": 0.6884001965053324,
      "adjusted_score_mean": 0.10567196344706223,
      "all_layer_mse_mean": 0.8535201750223388,
      "p90_final_mse": 2.101274162505785,
      "p95_final_mse": 2.994197701276758,
      "mean_compute_ratio": 5.82074756462615e-05,
      "max_compute_ratio": 0.0010290175670340342,
      "mean_wall_ms": 2.104342021048069,
      "p95_wall_ms": 4.074975126422936,
      "max_wall_ms": 33.91920030117035,
      "mean_analytical_flops": 32766.0,
      "per_layer_mse_mean": [
        0.3181504561501186,
        0.48342744437019586,
        0.5905708037904506,
        0.6515833537046241,
        0.6977933275085453,
        0.7375254525867907,
        0.7654841903833446,
        0.7841177925711675,
        0.7987688309111457,
        0.8384664511464116,
        0.8484802445444604,
        0.8666059627373774,
        0.8868736881876814,
        0.9001766594257374,
        0.9036345789571272,
        0.906015242989288,
        0.921639210406311,
        0.9183175885924965,
        0.9216127171991217,
        0.9117704999359938,
        0.9126117356759286,
        0.9016679814265987,
        0.9122486337032715,
        0.9228037520564563,
        0.9405131806775069,
        0.9484150142002498,
        0.972692091135371,
        0.9943884222606821,
        1.0214464952069815,
        1.040353650334359,
        1.037770513468426,
        1.0567196344706224
      ]
    }
  }
}
