{
  "mlp_count": 10,
  "profiles": {
    "iid_4096": {
      "raw_final_mse_mean": 5.149786854136611e-06,
      "adjusted_score_mean": 5.149786854136612e-07,
      "mean_compute_ratio": 0.0952173131311709,
      "max_compute_ratio": 0.09918518693807174,
      "p95_wall_ms": 856.9898599525914
    },
    "orthogonal_4096": {
      "raw_final_mse_mean": 9.899339649561754e-06,
      "adjusted_score_mean": 9.899339649561755e-07,
      "mean_compute_ratio": 0.0973019423726265,
      "max_compute_ratio": 0.10277605436579362,
      "p95_wall_ms": 1084.1666151303798
    },
    "iid_5120": {
      "raw_final_mse_mean": 4.502846240094637e-06,
      "adjusted_score_mean": 5.325187990786714e-07,
      "mean_compute_ratio": 0.11826271000261368,
      "max_compute_ratio": 0.12104200761544029,
      "p95_wall_ms": 996.3295952416956
    },
    "iid_5632": {
      "raw_final_mse_mean": 4.50181311373627e-06,
      "adjusted_score_mean": 5.972234229843522e-07,
      "mean_compute_ratio": 0.13266286447166348,
      "max_compute_ratio": 0.14254456835321033,
      "p95_wall_ms": 1312.9315499681977
    },
    "iid_6144": {
      "raw_final_mse_mean": 3.99895644467611e-06,
      "adjusted_score_mean": 5.616042374251973e-07,
      "mean_compute_ratio": 0.1404376979831506,
      "max_compute_ratio": 0.1528155580864735,
      "p95_wall_ms": 1337.5716598937286
    }
  }
}
